store_id,name,store_address,city
1,Dien may xanh,121 Duong so 2,Ho Chi Minh
2,Dien may xanh,150 Duong so 7,Can Tho
3,Dien may xanh,165 Duong so 1,Hoi An
4,Dien may xanh,177 Duong so 2,Ho Chi Minh
5,Dien may xanh,187 Duong so 3,Hanoi
6,Dien may xanh,172 Duong so 1,Hanoi
7,Dien may xanh,116 Duong so 9,Hue
8,Dien may xanh,156 Duong so 7,Hanoi
9,Dien may xanh,128 Duong so 9,Hanoi
10,Dien may xanh,137 Duong so 7,Ho Chi Minh
11,Dien may xanh,104 Duong so 1,Ho Chi Minh
12,Dien may xanh,187 Duong so 2,Vung Tau
13,Dien may xanh,188 Duong so 7,Can Tho
14,Dien may xanh,152 Duong so 8,Hanoi
15,Dien may xanh,105 Duong so 6,Ho Chi Minh
16,Dien may xanh,183 Duong so 6,Can Tho
17,Dien may xanh,100 Duong so 1,Hanoi
18,Dien may xanh,111 Duong so 9,Ho Chi Minh
19,Dien may xanh,133 Duong so 4,Vung Tau
20,Dien may xanh,149 Duong so 1,Bien Hoa
21,Dien may xanh,194 Duong so 6,Hanoi
22,Dien may xanh,200 Duong so 8,Hanoi
23,Dien may xanh,105 Duong so 6,Hue
24,Dien may xanh,118 Duong so 2,Vung Tau
25,Dien may xanh,102 Duong so 6,Hanoi
26,Dien may xanh,122 Duong so 5,Da Nang
27,Dien may xanh,196 Duong so 7,Hanoi
28,Dien may xanh,110 Duong so 1,Ho Chi Minh
29,Dien may xanh,142 Duong so 6,Da Nang
30,Dien may xanh,163 Duong so 1,Hanoi
31,Dien may xanh,195 Duong so 9,Da Lat
32,Dien may xanh,141 Duong so 6,Ho Chi Minh
33,Dien may xanh,189 Duong so 2,Nha Trang
34,Dien may xanh,112 Duong so 3,Da Nang
35,Dien may xanh,147 Duong so 9,Ho Chi Minh
36,Dien may xanh,125 Duong so 9,Hue
37,Dien may xanh,114 Duong so 5,Bien Hoa
38,Dien may xanh,181 Duong so 2,Hoi An
39,Dien may xanh,161 Duong so 6,Da Lat
40,Dien may xanh,134 Duong so 8,Da Lat
41,Dien may xanh,148 Duong so 2,Da Nang
42,Dien may xanh,151 Duong so 8,Ho Chi Minh
43,Dien may xanh,169 Duong so 6,Hoi An
44,Dien may xanh,137 Duong so 5,Nha Trang
45,Dien may xanh,117 Duong so 1,Hoi An
46,Dien may xanh,104 Duong so 9,Hanoi
47,Dien may xanh,101 Duong so 3,Ho Chi Minh
48,Dien may xanh,199 Duong so 6,Hue
49,Dien may xanh,142 Duong so 8,Vung Tau
50,Dien may xanh,144 Duong so 4,Bien Hoa
51,Dien may xanh,186 Duong so 7,Da Lat
52,Dien may xanh,100 Duong so 1,Hoi An
53,Dien may xanh,162 Duong so 5,Can Tho
54,Dien may xanh,190 Duong so 5,Hanoi
55,Dien may xanh,174 Duong so 2,Hoi An
56,Dien may xanh,110 Duong so 5,Ho Chi Minh
57,Dien may xanh,190 Duong so 2,Da Lat
58,Dien may xanh,182 Duong so 7,Ho Chi Minh
59,Dien may xanh,167 Duong so 9,Nha Trang
60,Dien may xanh,156 Duong so 7,Ho Chi Minh
61,Dien may xanh,173 Duong so 8,Hoi An
62,Dien may xanh,128 Duong so 6,Ho Chi Minh
63,Dien may xanh,109 Duong so 2,Vung Tau
64,Dien may xanh,107 Duong so 3,Ho Chi Minh
65,Dien may xanh,181 Duong so 1,Da Lat
66,Dien may xanh,172 Duong so 2,Nha Trang
67,Dien may xanh,168 Duong so 7,Hanoi
68,Dien may xanh,131 Duong so 5,Hanoi
69,Dien may xanh,177 Duong so 1,Bien Hoa
70,Dien may xanh,125 Duong so 8,Da Lat
71,Dien may xanh,197 Duong so 8,Da Nang
72,Dien may xanh,136 Duong so 6,Can Tho
73,Dien may xanh,100 Duong so 6,Hue
74,Dien may xanh,180 Duong so 5,Ho Chi Minh
75,Dien may xanh,168 Duong so 5,Hanoi
76,Dien may xanh,164 Duong so 3,Ho Chi Minh
77,Dien may xanh,113 Duong so 8,Hanoi
78,Dien may xanh,177 Duong so 8,Da Nang
79,Dien may xanh,144 Duong so 3,Vung Tau
80,Dien may xanh,198 Duong so 1,Ho Chi Minh
81,Dien may xanh,148 Duong so 8,Da Nang
82,Dien may xanh,184 Duong so 1,Ho Chi Minh
83,Dien may xanh,192 Duong so 1,Nha Trang
84,Dien may xanh,113 Duong so 4,Hoi An
85,Dien may xanh,155 Duong so 7,Ho Chi Minh
86,Dien may xanh,188 Duong so 4,Hanoi
87,Dien may xanh,101 Duong so 3,Ho Chi Minh
88,Dien may xanh,101 Duong so 1,Hanoi
89,Dien may xanh,198 Duong so 1,Vung Tau
90,Dien may xanh,153 Duong so 3,Can Tho
91,Dien may xanh,102 Duong so 6,Ho Chi Minh
92,Dien may xanh,186 Duong so 1,Bien Hoa
93,Dien may xanh,200 Duong so 5,Bien Hoa
94,Dien may xanh,139 Duong so 8,Da Nang
95,Dien may xanh,183 Duong so 7,Ho Chi Minh
96,Dien may xanh,111 Duong so 4,Da Nang
97,Dien may xanh,175 Duong so 9,Hanoi
98,Dien may xanh,134 Duong so 7,Da Lat
99,Dien may xanh,105 Duong so 3,Ho Chi Minh
100,Dien may xanh,111 Duong so 1,Ho Chi Minh
101,Dien may xanh,170 Duong so 5,Bien Hoa
102,Dien may xanh,157 Duong so 5,Da Nang
103,Dien may xanh,117 Duong so 5,Bien Hoa
104,Dien may xanh,175 Duong so 2,Bien Hoa
105,Dien may xanh,119 Duong so 6,Ho Chi Minh
106,Dien may xanh,153 Duong so 2,Nha Trang
107,Dien may xanh,106 Duong so 7,Hanoi
108,Dien may xanh,170 Duong so 3,Ho Chi Minh
109,Dien may xanh,135 Duong so 3,Da Lat
110,Dien may xanh,109 Duong so 1,Can Tho
111,Dien may xanh,180 Duong so 7,Da Nang
112,Dien may xanh,188 Duong so 9,Bien Hoa
113,Dien may xanh,149 Duong so 1,Da Nang
114,Dien may xanh,153 Duong so 4,Hoi An
115,Dien may xanh,169 Duong so 9,Hanoi
116,Dien may xanh,115 Duong so 3,Hue
117,Dien may xanh,158 Duong so 5,Can Tho
118,Dien may xanh,168 Duong so 3,Bien Hoa
119,Dien may xanh,107 Duong so 2,Vung Tau
120,Dien may xanh,182 Duong so 9,Ho Chi Minh
121,Dien may xanh,117 Duong so 4,Hoi An
122,Dien may xanh,108 Duong so 2,Ho Chi Minh
123,Dien may xanh,151 Duong so 5,Nha Trang
124,Dien may xanh,102 Duong so 3,Bien Hoa
125,Dien may xanh,120 Duong so 2,Da Nang
126,Dien may xanh,182 Duong so 4,Can Tho
127,Dien may xanh,183 Duong so 1,Hanoi
128,Dien may xanh,157 Duong so 6,Bien Hoa
129,Dien may xanh,193 Duong so 6,Hanoi
130,Dien may xanh,178 Duong so 7,Bien Hoa
131,Dien may xanh,196 Duong so 8,Hoi An
132,Dien may xanh,115 Duong so 5,Ho Chi Minh
133,Dien may xanh,134 Duong so 1,Vung Tau
134,Dien may xanh,126 Duong so 5,Hue
135,Dien may xanh,152 Duong so 9,Vung Tau
136,Dien may xanh,130 Duong so 4,Hoi An
137,Dien may xanh,141 Duong so 8,Ho Chi Minh
138,Dien may xanh,195 Duong so 7,Nha Trang
139,Dien may xanh,121 Duong so 5,Hanoi
140,Dien may xanh,127 Duong so 7,Hanoi
141,Dien may xanh,199 Duong so 2,Hanoi
142,Dien may xanh,106 Duong so 5,Da Nang
143,Dien may xanh,156 Duong so 9,Hue
144,Dien may xanh,175 Duong so 2,Hanoi
145,Dien may xanh,186 Duong so 6,Vung Tau
146,Dien may xanh,170 Duong so 3,Hue
147,Dien may xanh,181 Duong so 2,Ho Chi Minh
148,Dien may xanh,186 Duong so 7,Bien Hoa
149,Dien may xanh,111 Duong so 2,Hoi An
150,Dien may xanh,112 Duong so 3,Ho Chi Minh
151,Dien may xanh,140 Duong so 1,Nha Trang
152,Dien may xanh,182 Duong so 7,Hoi An
153,Dien may xanh,156 Duong so 9,Ho Chi Minh
154,Dien may xanh,134 Duong so 6,Vung Tau
155,Dien may xanh,173 Duong so 7,Ho Chi Minh
156,Dien may xanh,108 Duong so 1,Ho Chi Minh
157,Dien may xanh,200 Duong so 8,Da Lat
158,Dien may xanh,159 Duong so 8,Ho Chi Minh
159,Dien may xanh,164 Duong so 7,Hanoi
160,Dien may xanh,109 Duong so 5,Da Lat
161,Dien may xanh,129 Duong so 7,Ho Chi Minh
162,Dien may xanh,174 Duong so 4,Hue
163,Dien may xanh,181 Duong so 9,Hoi An
164,Dien may xanh,158 Duong so 2,Ho Chi Minh
165,Dien may xanh,101 Duong so 2,Hue
166,Dien may xanh,149 Duong so 8,Da Nang
167,Dien may xanh,178 Duong so 6,Bien Hoa
168,Dien may xanh,195 Duong so 7,Ho Chi Minh
169,Dien may xanh,157 Duong so 6,Ho Chi Minh
170,Dien may xanh,171 Duong so 1,Hue
171,Dien may xanh,181 Duong so 1,Ho Chi Minh
172,Dien may xanh,123 Duong so 2,Da Lat
173,Dien may xanh,153 Duong so 3,Can Tho
174,Dien may xanh,132 Duong so 1,Ho Chi Minh
175,Dien may xanh,182 Duong so 9,Da Lat
176,Dien may xanh,126 Duong so 6,Ho Chi Minh
177,Dien may xanh,123 Duong so 5,Da Lat
178,Dien may xanh,101 Duong so 7,Hue
179,Dien may xanh,191 Duong so 4,Da Nang
180,Dien may xanh,155 Duong so 9,Hanoi
181,Dien may xanh,199 Duong so 5,Can Tho
182,Dien may xanh,133 Duong so 5,Hanoi
183,Dien may xanh,116 Duong so 6,Can Tho
184,Dien may xanh,195 Duong so 4,Vung Tau
185,Dien may xanh,121 Duong so 6,Da Nang
186,Dien may xanh,197 Duong so 3,Can Tho
187,Dien may xanh,142 Duong so 8,Nha Trang
188,Dien may xanh,155 Duong so 7,Hanoi
189,Dien may xanh,175 Duong so 2,Da Nang
190,Dien may xanh,149 Duong so 8,Bien Hoa
191,Dien may xanh,121 Duong so 6,Da Nang
192,Dien may xanh,167 Duong so 4,Nha Trang
193,Dien may xanh,152 Duong so 4,Da Nang
194,Dien may xanh,113 Duong so 8,Ho Chi Minh
195,Dien may xanh,194 Duong so 7,Bien Hoa
196,Dien may xanh,129 Duong so 2,Nha Trang
197,Dien may xanh,115 Duong so 3,Hue
198,Dien may xanh,129 Duong so 1,Hanoi
199,Dien may xanh,172 Duong so 2,Da Nang
200,Dien may xanh,194 Duong so 8,Da Nang
201,Dien may xanh,158 Duong so 7,Ho Chi Minh
202,Dien may xanh,162 Duong so 3,Ho Chi Minh
203,Dien may xanh,161 Duong so 6,Can Tho
204,Dien may xanh,135 Duong so 2,Can Tho
205,Dien may xanh,190 Duong so 5,Ho Chi Minh
206,Dien may xanh,102 Duong so 6,Ho Chi Minh
207,Dien may xanh,149 Duong so 5,Vung Tau
208,Dien may xanh,187 Duong so 2,Hanoi
209,Dien may xanh,164 Duong so 6,Can Tho
210,Dien may xanh,185 Duong so 2,Da Nang
211,Dien may xanh,162 Duong so 6,Hoi An
212,Dien may xanh,154 Duong so 9,Hanoi
213,Dien may xanh,136 Duong so 1,Hanoi
214,Dien may xanh,108 Duong so 8,Da Nang
215,Dien may xanh,195 Duong so 8,Hanoi
216,Dien may xanh,176 Duong so 8,Nha Trang
217,Dien may xanh,152 Duong so 6,Ho Chi Minh
218,Dien may xanh,165 Duong so 2,Hoi An
219,Dien may xanh,115 Duong so 8,Hanoi
220,Dien may xanh,131 Duong so 6,Ho Chi Minh
221,Dien may xanh,159 Duong so 7,Nha Trang
222,Dien may xanh,193 Duong so 9,Bien Hoa
223,Dien may xanh,186 Duong so 7,Da Lat
224,Dien may xanh,199 Duong so 6,Hue
225,Dien may xanh,129 Duong so 8,Ho Chi Minh
226,Dien may xanh,106 Duong so 5,Hanoi
227,Dien may xanh,170 Duong so 5,Hue
228,Dien may xanh,138 Duong so 1,Nha Trang
229,Dien may xanh,143 Duong so 9,Ho Chi Minh
230,Dien may xanh,165 Duong so 5,Can Tho
231,Dien may xanh,113 Duong so 4,Da Nang
232,Dien may xanh,166 Duong so 9,Hue
233,Dien may xanh,166 Duong so 5,Hanoi
234,Dien may xanh,178 Duong so 4,Hue
235,Dien may xanh,140 Duong so 9,Can Tho
236,Dien may xanh,184 Duong so 1,Vung Tau
237,Dien may xanh,109 Duong so 3,Ho Chi Minh
238,Dien may xanh,167 Duong so 8,Vung Tau
239,Dien may xanh,171 Duong so 2,Hanoi
240,Dien may xanh,200 Duong so 9,Bien Hoa
241,Dien may xanh,151 Duong so 9,Ho Chi Minh
242,Dien may xanh,155 Duong so 7,Ho Chi Minh
243,Dien may xanh,169 Duong so 1,Hanoi
244,Dien may xanh,164 Duong so 3,Da Nang
245,Dien may xanh,188 Duong so 9,Hanoi
246,Dien may xanh,198 Duong so 8,Hanoi
247,Dien may xanh,135 Duong so 9,Hanoi
248,Dien may xanh,164 Duong so 3,Vung Tau
249,Dien may xanh,152 Duong so 4,Da Lat
250,Dien may xanh,114 Duong so 1,Da Nang
251,Dien may xanh,104 Duong so 6,Hue
252,Dien may xanh,188 Duong so 3,Ho Chi Minh
253,Dien may xanh,105 Duong so 3,Ho Chi Minh
254,Dien may xanh,116 Duong so 7,Hue
255,Dien may xanh,115 Duong so 1,Nha Trang
256,Dien may xanh,123 Duong so 2,Hanoi
257,Dien may xanh,114 Duong so 7,Hue
258,Dien may xanh,110 Duong so 9,Da Lat
259,Dien may xanh,135 Duong so 7,Ho Chi Minh
260,Dien may xanh,129 Duong so 6,Ho Chi Minh
261,Dien may xanh,138 Duong so 3,Hanoi
262,Dien may xanh,151 Duong so 9,Ho Chi Minh
263,Dien may xanh,163 Duong so 6,Da Lat
264,Dien may xanh,183 Duong so 5,Vung Tau
265,Dien may xanh,200 Duong so 8,Da Nang
266,Dien may xanh,115 Duong so 2,Hanoi
267,Dien may xanh,187 Duong so 8,Da Nang
268,Dien may xanh,161 Duong so 7,Hanoi
269,Dien may xanh,141 Duong so 1,Hue
270,Dien may xanh,157 Duong so 7,Ho Chi Minh
271,Dien may xanh,188 Duong so 8,Hoi An
272,Dien may xanh,148 Duong so 2,Hanoi
273,Dien may xanh,108 Duong so 5,Ho Chi Minh
274,Dien may xanh,150 Duong so 4,Bien Hoa
275,Dien may xanh,185 Duong so 4,Da Lat
276,Dien may xanh,133 Duong so 7,Da Nang
277,Dien may xanh,185 Duong so 3,Hanoi
278,Dien may xanh,109 Duong so 8,Bien Hoa
279,Dien may xanh,112 Duong so 9,Hanoi
280,Dien may xanh,164 Duong so 5,Ho Chi Minh
281,Dien may xanh,103 Duong so 6,Da Lat
282,Dien may xanh,135 Duong so 4,Hanoi
283,Dien may xanh,180 Duong so 8,Bien Hoa
284,Dien may xanh,190 Duong so 8,Can Tho
285,Dien may xanh,171 Duong so 6,Can Tho
286,Dien may xanh,145 Duong so 6,Vung Tau
287,Dien may xanh,141 Duong so 4,Ho Chi Minh
288,Dien may xanh,148 Duong so 1,Vung Tau
289,Dien may xanh,100 Duong so 1,Ho Chi Minh
290,Dien may xanh,181 Duong so 2,Ho Chi Minh
291,Dien may xanh,111 Duong so 6,Hoi An
292,Dien may xanh,193 Duong so 8,Da Nang
293,Dien may xanh,134 Duong so 8,Hanoi
294,Dien may xanh,165 Duong so 7,Can Tho
295,Dien may xanh,116 Duong so 5,Ho Chi Minh
296,Dien may xanh,189 Duong so 1,Hoi An
297,Dien may xanh,177 Duong so 8,Can Tho
298,Dien may xanh,155 Duong so 7,Vung Tau
299,Dien may xanh,130 Duong so 9,Ho Chi Minh
300,Dien may xanh,150 Duong so 9,Ho Chi Minh
301,Dien may xanh,125 Duong so 7,Da Lat
302,Dien may xanh,128 Duong so 9,Hanoi
303,Dien may xanh,100 Duong so 5,Da Nang
304,Dien may xanh,168 Duong so 1,Da Nang
305,Dien may xanh,114 Duong so 7,Ho Chi Minh
306,Dien may xanh,200 Duong so 7,Da Nang
307,Dien may xanh,134 Duong so 1,Ho Chi Minh
308,Dien may xanh,131 Duong so 7,Hanoi
309,Dien may xanh,186 Duong so 4,Da Lat
310,Dien may xanh,149 Duong so 1,Ho Chi Minh
311,Dien may xanh,199 Duong so 7,Hanoi
312,Dien may xanh,198 Duong so 5,Hanoi
313,Dien may xanh,143 Duong so 1,Ho Chi Minh
314,Dien may xanh,120 Duong so 2,Hoi An
315,Dien may xanh,162 Duong so 6,Da Lat
316,Dien may xanh,101 Duong so 4,Hanoi
317,Dien may xanh,194 Duong so 8,Nha Trang
318,Dien may xanh,144 Duong so 4,Vung Tau
319,Dien may xanh,117 Duong so 1,Da Lat
320,Dien may xanh,147 Duong so 5,Hanoi
321,Dien may xanh,186 Duong so 3,Can Tho
322,Dien may xanh,190 Duong so 8,Hanoi
323,Dien may xanh,106 Duong so 6,Ho Chi Minh
324,Dien may xanh,181 Duong so 4,Ho Chi Minh
325,Dien may xanh,169 Duong so 8,Da Nang
326,Dien may xanh,128 Duong so 2,Da Nang
327,Dien may xanh,109 Duong so 3,Vung Tau
328,Dien may xanh,194 Duong so 4,Vung Tau
329,Dien may xanh,175 Duong so 3,Hanoi
330,Dien may xanh,128 Duong so 4,Ho Chi Minh
331,Dien may xanh,133 Duong so 9,Ho Chi Minh
332,Dien may xanh,161 Duong so 8,Ho Chi Minh
333,Dien may xanh,102 Duong so 7,Nha Trang
334,Dien may xanh,142 Duong so 9,Hoi An
335,Dien may xanh,183 Duong so 4,Ho Chi Minh
336,Dien may xanh,113 Duong so 9,Da Nang
337,Dien may xanh,156 Duong so 8,Bien Hoa
338,Dien may xanh,164 Duong so 1,Ho Chi Minh
339,Dien may xanh,138 Duong so 1,Da Nang
340,Dien may xanh,151 Duong so 8,Da Lat
341,Dien may xanh,172 Duong so 4,Vung Tau
342,Dien may xanh,179 Duong so 6,Hanoi
343,Dien may xanh,157 Duong so 2,Da Nang
344,Dien may xanh,185 Duong so 7,Da Lat
345,Dien may xanh,200 Duong so 7,Hanoi
346,Dien may xanh,143 Duong so 2,Can Tho
347,Dien may xanh,181 Duong so 6,Da Nang
348,Dien may xanh,100 Duong so 5,Nha Trang
349,Dien may xanh,149 Duong so 8,Hanoi
350,Dien may xanh,137 Duong so 8,Hoi An
351,Dien may xanh,131 Duong so 5,Hanoi
352,Dien may xanh,126 Duong so 9,Hanoi
353,Dien may xanh,179 Duong so 1,Da Nang
354,Dien may xanh,100 Duong so 4,Hue
355,Dien may xanh,185 Duong so 5,Hanoi
356,Dien may xanh,162 Duong so 8,Can Tho
357,Dien may xanh,197 Duong so 3,Da Lat
358,Dien may xanh,159 Duong so 3,Ho Chi Minh
359,Dien may xanh,105 Duong so 1,Da Nang
360,Dien may xanh,179 Duong so 7,Can Tho
361,Dien may xanh,120 Duong so 4,Ho Chi Minh
362,Dien may xanh,159 Duong so 7,Bien Hoa
363,Dien may xanh,147 Duong so 5,Nha Trang
364,Dien may xanh,156 Duong so 7,Nha Trang
365,Dien may xanh,149 Duong so 3,Hoi An
366,Dien may xanh,100 Duong so 1,Hoi An
367,Dien may xanh,125 Duong so 3,Hue
368,Dien may xanh,169 Duong so 5,Hanoi
369,Dien may xanh,154 Duong so 8,Hanoi
370,Dien may xanh,108 Duong so 9,Da Nang
371,Dien may xanh,170 Duong so 1,Ho Chi Minh
372,Dien may xanh,197 Duong so 8,Hoi An
373,Dien may xanh,160 Duong so 8,Can Tho
374,Dien may xanh,147 Duong so 1,Da Nang
375,Dien may xanh,136 Duong so 3,Vung Tau
376,Dien may xanh,136 Duong so 9,Bien Hoa
377,Dien may xanh,111 Duong so 1,Hanoi
378,Dien may xanh,144 Duong so 7,Da Nang
379,Dien may xanh,125 Duong so 4,Ho Chi Minh
380,Dien may xanh,169 Duong so 3,Ho Chi Minh
381,Dien may xanh,116 Duong so 3,Vung Tau
382,Dien may xanh,134 Duong so 8,Ho Chi Minh
383,Dien may xanh,133 Duong so 5,Hanoi
384,Dien may xanh,126 Duong so 2,Hanoi
385,Dien may xanh,103 Duong so 9,Hue
386,Dien may xanh,176 Duong so 3,Can Tho
387,Dien may xanh,154 Duong so 2,Hanoi
388,Dien may xanh,102 Duong so 6,Hue
389,Dien may xanh,129 Duong so 9,Da Nang
390,Dien may xanh,194 Duong so 1,Hanoi
391,Dien may xanh,177 Duong so 8,Ho Chi Minh
392,Dien may xanh,147 Duong so 3,Hue
393,Dien may xanh,155 Duong so 7,Vung Tau
394,Dien may xanh,158 Duong so 7,Ho Chi Minh
395,Dien may xanh,164 Duong so 2,Ho Chi Minh
396,Dien may xanh,141 Duong so 6,Hanoi
397,Dien may xanh,170 Duong so 5,Hanoi
398,Dien may xanh,125 Duong so 4,Da Nang
399,Dien may xanh,172 Duong so 1,Hanoi
400,Dien may xanh,105 Duong so 3,Bien Hoa
401,Dien may xanh,147 Duong so 2,Vung Tau
402,Dien may xanh,109 Duong so 2,Da Lat
403,Dien may xanh,160 Duong so 2,Bien Hoa
404,Dien may xanh,105 Duong so 8,Ho Chi Minh
405,Dien may xanh,191 Duong so 6,Da Nang
406,Dien may xanh,125 Duong so 7,Da Nang
407,Dien may xanh,146 Duong so 4,Hanoi
408,Dien may xanh,170 Duong so 6,Can Tho
409,Dien may xanh,200 Duong so 2,Ho Chi Minh
410,Dien may xanh,191 Duong so 7,Hue
411,Dien may xanh,171 Duong so 2,Nha Trang
412,Dien may xanh,146 Duong so 9,Ho Chi Minh
413,Dien may xanh,180 Duong so 7,Nha Trang
414,Dien may xanh,174 Duong so 9,Ho Chi Minh
415,Dien may xanh,186 Duong so 8,Hanoi
416,Dien may xanh,157 Duong so 9,Can Tho
417,Dien may xanh,157 Duong so 1,Da Nang
418,Dien may xanh,192 Duong so 5,Da Lat
419,Dien may xanh,104 Duong so 5,Hanoi
420,Dien may xanh,117 Duong so 4,Da Nang
421,Dien may xanh,193 Duong so 7,Nha Trang
422,Dien may xanh,199 Duong so 5,Ho Chi Minh
423,Dien may xanh,137 Duong so 3,Da Lat
424,Dien may xanh,121 Duong so 4,Ho Chi Minh
425,Dien may xanh,100 Duong so 9,Da Nang
426,Dien may xanh,162 Duong so 5,Ho Chi Minh
427,Dien may xanh,181 Duong so 8,Can Tho
428,Dien may xanh,164 Duong so 2,Ho Chi Minh
429,Dien may xanh,179 Duong so 5,Hanoi
430,Dien may xanh,115 Duong so 2,Hanoi
431,Dien may xanh,152 Duong so 9,Hue
432,Dien may xanh,114 Duong so 6,Ho Chi Minh
433,Dien may xanh,105 Duong so 1,Da Nang
434,Dien may xanh,103 Duong so 2,Nha Trang
435,Dien may xanh,115 Duong so 7,Hanoi
436,Dien may xanh,200 Duong so 8,Nha Trang
437,Dien may xanh,127 Duong so 1,Can Tho
438,Dien may xanh,152 Duong so 5,Da Nang
439,Dien may xanh,148 Duong so 5,Da Nang
440,Dien may xanh,178 Duong so 8,Ho Chi Minh
441,Dien may xanh,130 Duong so 5,Vung Tau
442,Dien may xanh,121 Duong so 2,Da Nang
443,Dien may xanh,181 Duong so 1,Hoi An
444,Dien may xanh,196 Duong so 1,Da Lat
445,Dien may xanh,111 Duong so 5,Hoi An
446,Dien may xanh,139 Duong so 6,Vung Tau
447,Dien may xanh,184 Duong so 4,Ho Chi Minh
448,Dien may xanh,106 Duong so 9,Hanoi
449,Dien may xanh,191 Duong so 3,Hanoi
450,Dien may xanh,136 Duong so 2,Vung Tau
451,Dien may xanh,184 Duong so 3,Hue
452,Dien may xanh,151 Duong so 7,Da Nang
453,Dien may xanh,171 Duong so 9,Bien Hoa
454,Dien may xanh,109 Duong so 9,Hanoi
455,Dien may xanh,123 Duong so 8,Hanoi
456,Dien may xanh,129 Duong so 1,Nha Trang
457,Dien may xanh,151 Duong so 6,Hoi An
458,Dien may xanh,176 Duong so 9,Nha Trang
459,Dien may xanh,185 Duong so 4,Ho Chi Minh
460,Dien may xanh,177 Duong so 4,Vung Tau
461,Dien may xanh,127 Duong so 3,Da Lat
462,Dien may xanh,123 Duong so 9,Bien Hoa
463,Dien may xanh,103 Duong so 4,Nha Trang
464,Dien may xanh,165 Duong so 9,Can Tho
465,Dien may xanh,100 Duong so 7,Nha Trang
466,Dien may xanh,130 Duong so 5,Can Tho
467,Dien may xanh,115 Duong so 3,Ho Chi Minh
468,Dien may xanh,119 Duong so 9,Can Tho
469,Dien may xanh,128 Duong so 9,Hanoi
470,Dien may xanh,134 Duong so 1,Ho Chi Minh
471,Dien may xanh,144 Duong so 2,Da Nang
472,Dien may xanh,118 Duong so 6,Da Nang
473,Dien may xanh,108 Duong so 2,Da Lat
474,Dien may xanh,111 Duong so 1,Hoi An
475,Dien may xanh,174 Duong so 2,Ho Chi Minh
476,Dien may xanh,132 Duong so 8,Hanoi
477,Dien may xanh,162 Duong so 6,Can Tho
478,Dien may xanh,175 Duong so 5,Hue
479,Dien may xanh,178 Duong so 1,Hanoi
480,Dien may xanh,149 Duong so 3,Ho Chi Minh
481,Dien may xanh,128 Duong so 9,Da Lat
482,Dien may xanh,101 Duong so 6,Da Lat
483,Dien may xanh,115 Duong so 9,Bien Hoa
484,Dien may xanh,153 Duong so 2,Hanoi
485,Dien may xanh,185 Duong so 5,Bien Hoa
486,Dien may xanh,105 Duong so 6,Hanoi
487,Dien may xanh,164 Duong so 9,Vung Tau
488,Dien may xanh,197 Duong so 3,Da Nang
489,Dien may xanh,194 Duong so 4,Hanoi
490,Dien may xanh,141 Duong so 6,Da Lat
491,Dien may xanh,183 Duong so 5,Ho Chi Minh
492,Dien may xanh,111 Duong so 8,Ho Chi Minh
493,Dien may xanh,108 Duong so 4,Hanoi
494,Dien may xanh,193 Duong so 4,Da Lat
495,Dien may xanh,133 Duong so 9,Hanoi
496,Dien may xanh,102 Duong so 9,Hoi An
497,Dien may xanh,156 Duong so 1,Ho Chi Minh
498,Dien may xanh,169 Duong so 7,Ho Chi Minh
499,Dien may xanh,163 Duong so 6,Ho Chi Minh
500,Dien may xanh,140 Duong so 4,Ho Chi Minh
501,Dien may xanh,173 Duong so 8,Da Nang
502,Dien may xanh,133 Duong so 4,Hanoi
503,Dien may xanh,155 Duong so 7,Can Tho
504,Dien may xanh,145 Duong so 3,Hanoi
505,Dien may xanh,105 Duong so 6,Ho Chi Minh
506,Dien may xanh,167 Duong so 1,Hanoi
507,Dien may xanh,148 Duong so 2,Hanoi
508,Dien may xanh,135 Duong so 9,Da Lat
509,Dien may xanh,177 Duong so 6,Can Tho
510,Dien may xanh,184 Duong so 5,Hoi An
511,Dien may xanh,134 Duong so 3,Bien Hoa
512,Dien may xanh,115 Duong so 1,Hanoi
513,Dien may xanh,108 Duong so 1,Ho Chi Minh
514,Dien may xanh,133 Duong so 1,Hue
515,Dien may xanh,112 Duong so 6,Hanoi
516,Dien may xanh,108 Duong so 3,Da Lat
517,Dien may xanh,126 Duong so 3,Hue
518,Dien may xanh,101 Duong so 6,Hanoi
519,Dien may xanh,115 Duong so 8,Ho Chi Minh
520,Dien may xanh,144 Duong so 1,Hanoi
521,Dien may xanh,142 Duong so 2,Hanoi
522,Dien may xanh,171 Duong so 2,Ho Chi Minh
523,Dien may xanh,182 Duong so 9,Ho Chi Minh
524,Dien may xanh,171 Duong so 1,Da Nang
525,Dien may xanh,136 Duong so 3,Da Nang
526,Dien may xanh,162 Duong so 4,Vung Tau
527,Dien may xanh,168 Duong so 4,Bien Hoa
528,Dien may xanh,107 Duong so 1,Bien Hoa
529,Dien may xanh,115 Duong so 1,Ho Chi Minh
530,Dien may xanh,116 Duong so 4,Vung Tau
531,Dien may xanh,190 Duong so 8,Bien Hoa
532,Dien may xanh,176 Duong so 3,Hanoi
533,Dien may xanh,185 Duong so 5,Hanoi
534,Dien may xanh,166 Duong so 5,Hue
535,Dien may xanh,133 Duong so 3,Hanoi
536,Dien may xanh,135 Duong so 2,Ho Chi Minh
537,Dien may xanh,166 Duong so 8,Hanoi
538,Dien may xanh,125 Duong so 5,Vung Tau
539,Dien may xanh,131 Duong so 2,Ho Chi Minh
540,Dien may xanh,161 Duong so 1,Ho Chi Minh
541,Dien may xanh,171 Duong so 4,Da Lat
542,Dien may xanh,113 Duong so 8,Nha Trang
543,Dien may xanh,111 Duong so 4,Da Nang
544,Dien may xanh,170 Duong so 2,Da Lat
545,Dien may xanh,167 Duong so 3,Ho Chi Minh
546,Dien may xanh,113 Duong so 8,Bien Hoa
547,Dien may xanh,158 Duong so 9,Da Nang
548,Dien may xanh,199 Duong so 1,Ho Chi Minh
549,Dien may xanh,171 Duong so 2,Bien Hoa
550,Dien may xanh,100 Duong so 3,Hanoi
551,Dien may xanh,165 Duong so 8,Da Nang
552,Dien may xanh,120 Duong so 2,Da Nang
553,Dien may xanh,185 Duong so 7,Da Lat
554,Dien may xanh,101 Duong so 7,Hanoi
555,Dien may xanh,160 Duong so 1,Hue
556,Dien may xanh,108 Duong so 5,Hue
557,Dien may xanh,164 Duong so 5,Hanoi
558,Dien may xanh,155 Duong so 6,Da Nang
559,Dien may xanh,141 Duong so 2,Da Nang
560,Dien may xanh,158 Duong so 7,Bien Hoa
561,Dien may xanh,132 Duong so 7,Hue
562,Dien may xanh,142 Duong so 8,Ho Chi Minh
563,Dien may xanh,132 Duong so 4,Bien Hoa
564,Dien may xanh,147 Duong so 9,Ho Chi Minh
565,Dien may xanh,178 Duong so 6,Da Nang
566,Dien may xanh,163 Duong so 4,Nha Trang
567,Dien may xanh,199 Duong so 4,Hanoi
568,Dien may xanh,156 Duong so 1,Ho Chi Minh
569,Dien may xanh,155 Duong so 7,Hue
570,Dien may xanh,117 Duong so 3,Da Lat
571,Dien may xanh,186 Duong so 6,Vung Tau
572,Dien may xanh,145 Duong so 4,Ho Chi Minh
573,Dien may xanh,161 Duong so 9,Bien Hoa
574,Dien may xanh,105 Duong so 8,Hanoi
575,Dien may xanh,150 Duong so 6,Da Lat
576,Dien may xanh,198 Duong so 1,Ho Chi Minh
577,Dien may xanh,112 Duong so 4,Nha Trang
578,Dien may xanh,179 Duong so 4,Bien Hoa
579,Dien may xanh,101 Duong so 5,Hanoi
580,Dien may xanh,108 Duong so 8,Nha Trang
581,Dien may xanh,110 Duong so 3,Can Tho
582,Dien may xanh,108 Duong so 1,Ho Chi Minh
583,Dien may xanh,182 Duong so 2,Hanoi
584,Dien may xanh,136 Duong so 1,Hanoi
585,Dien may xanh,128 Duong so 6,Ho Chi Minh
586,Dien may xanh,132 Duong so 4,Can Tho
587,Dien may xanh,155 Duong so 6,Ho Chi Minh
588,Dien may xanh,142 Duong so 1,Hoi An
589,Dien may xanh,151 Duong so 7,Ho Chi Minh
590,Dien may xanh,194 Duong so 6,Ho Chi Minh
591,Dien may xanh,183 Duong so 7,Hanoi
592,Dien may xanh,124 Duong so 7,Hanoi
593,Dien may xanh,121 Duong so 8,Nha Trang
594,Dien may xanh,119 Duong so 1,Da Nang
595,Dien may xanh,133 Duong so 9,Da Lat
596,Dien may xanh,193 Duong so 7,Ho Chi Minh
597,Dien may xanh,163 Duong so 2,Nha Trang
598,Dien may xanh,173 Duong so 3,Ho Chi Minh
599,Dien may xanh,166 Duong so 6,Da Nang
600,Dien may xanh,186 Duong so 1,Bien Hoa
601,Dien may xanh,166 Duong so 3,Ho Chi Minh
602,Dien may xanh,191 Duong so 4,Hanoi
603,Dien may xanh,104 Duong so 7,Da Nang
604,Dien may xanh,199 Duong so 3,Da Lat
605,Dien may xanh,122 Duong so 6,Hanoi
606,Dien may xanh,197 Duong so 2,Da Nang
607,Dien may xanh,139 Duong so 6,Da Lat
608,Dien may xanh,174 Duong so 9,Nha Trang
609,Dien may xanh,189 Duong so 5,Da Lat
610,Dien may xanh,146 Duong so 6,Hoi An
611,Dien may xanh,155 Duong so 9,Hanoi
612,Dien may xanh,166 Duong so 4,Hanoi
613,Dien may xanh,193 Duong so 5,Vung Tau
614,Dien may xanh,129 Duong so 4,Nha Trang
615,Dien may xanh,128 Duong so 8,Bien Hoa
616,Dien may xanh,181 Duong so 8,Vung Tau
617,Dien may xanh,199 Duong so 1,Da Nang
618,Dien may xanh,183 Duong so 1,Da Nang
619,Dien may xanh,140 Duong so 4,Hanoi
620,Dien may xanh,175 Duong so 9,Hanoi
621,Dien may xanh,121 Duong so 8,Hanoi
622,Dien may xanh,141 Duong so 8,Ho Chi Minh
623,Dien may xanh,124 Duong so 9,Hoi An
624,Dien may xanh,107 Duong so 1,Hue
625,Dien may xanh,130 Duong so 8,Ho Chi Minh
626,Dien may xanh,155 Duong so 8,Da Nang
627,Dien may xanh,200 Duong so 9,Hanoi
628,Dien may xanh,139 Duong so 3,Da Lat
629,Dien may xanh,189 Duong so 8,Hue
630,Dien may xanh,141 Duong so 4,Da Lat
631,Dien may xanh,198 Duong so 7,Bien Hoa
632,Dien may xanh,165 Duong so 9,Bien Hoa
633,Dien may xanh,185 Duong so 6,Da Nang
634,Dien may xanh,179 Duong so 8,Can Tho
635,Dien may xanh,104 Duong so 5,Hanoi
636,Dien may xanh,177 Duong so 4,Vung Tau
637,Dien may xanh,152 Duong so 1,Hoi An
638,Dien may xanh,157 Duong so 7,Hoi An
639,Dien may xanh,162 Duong so 4,Da Nang
640,Dien may xanh,169 Duong so 4,Da Nang
641,Dien may xanh,145 Duong so 3,Hoi An
642,Dien may xanh,182 Duong so 4,Da Nang
643,Dien may xanh,186 Duong so 5,Can Tho
644,Dien may xanh,199 Duong so 6,Bien Hoa
645,Dien may xanh,159 Duong so 2,Ho Chi Minh
646,Dien may xanh,149 Duong so 8,Ho Chi Minh
647,Dien may xanh,104 Duong so 6,Da Nang
648,Dien may xanh,154 Duong so 6,Nha Trang
649,Dien may xanh,195 Duong so 4,Hoi An
650,Dien may xanh,126 Duong so 8,Ho Chi Minh
651,Dien may xanh,115 Duong so 9,Hue
652,Dien may xanh,142 Duong so 7,Hue
653,Dien may xanh,148 Duong so 5,Can Tho
654,Dien may xanh,120 Duong so 2,Hanoi
655,Dien may xanh,179 Duong so 9,Hanoi
656,Dien may xanh,111 Duong so 9,Da Nang
657,Dien may xanh,148 Duong so 8,Ho Chi Minh
658,Dien may xanh,190 Duong so 8,Da Nang
659,Dien may xanh,139 Duong so 7,Ho Chi Minh
660,Dien may xanh,185 Duong so 2,Hue
661,Dien may xanh,110 Duong so 7,Da Nang
662,Dien may xanh,122 Duong so 8,Ho Chi Minh
663,Dien may xanh,149 Duong so 1,Da Nang
664,Dien may xanh,173 Duong so 4,Can Tho
665,Dien may xanh,176 Duong so 1,Ho Chi Minh
666,Dien may xanh,171 Duong so 4,Bien Hoa
667,Dien may xanh,124 Duong so 9,Hanoi
668,Dien may xanh,181 Duong so 1,Ho Chi Minh
669,Dien may xanh,128 Duong so 1,Ho Chi Minh
670,Dien may xanh,136 Duong so 3,Nha Trang
671,Dien may xanh,104 Duong so 6,Da Lat
672,Dien may xanh,131 Duong so 5,Da Nang
673,Dien may xanh,113 Duong so 6,Bien Hoa
674,Dien may xanh,107 Duong so 7,Hoi An
675,Dien may xanh,120 Duong so 6,Vung Tau
676,Dien may xanh,135 Duong so 3,Ho Chi Minh
677,Dien may xanh,181 Duong so 1,Da Lat
678,Dien may xanh,196 Duong so 3,Hoi An
679,Dien may xanh,146 Duong so 1,Ho Chi Minh
680,Dien may xanh,134 Duong so 7,Da Nang
681,Dien may xanh,109 Duong so 5,Can Tho
682,Dien may xanh,195 Duong so 3,Da Nang
683,Dien may xanh,114 Duong so 3,Hanoi
684,Dien may xanh,190 Duong so 8,Hanoi
685,Dien may xanh,101 Duong so 9,Bien Hoa
686,Dien may xanh,176 Duong so 2,Hanoi
687,Dien may xanh,118 Duong so 5,Da Nang
688,Dien may xanh,150 Duong so 7,Da Nang
689,Dien may xanh,174 Duong so 4,Bien Hoa
690,Dien may xanh,156 Duong so 2,Can Tho
691,Dien may xanh,186 Duong so 6,Vung Tau
692,Dien may xanh,198 Duong so 3,Hanoi
693,Dien may xanh,184 Duong so 3,Nha Trang
694,Dien may xanh,136 Duong so 2,Ho Chi Minh
695,Dien may xanh,122 Duong so 7,Hanoi
696,Dien may xanh,110 Duong so 1,Hue
697,Dien may xanh,118 Duong so 3,Ho Chi Minh
698,Dien may xanh,130 Duong so 1,Hue
699,Dien may xanh,168 Duong so 6,Vung Tau
700,Dien may xanh,172 Duong so 9,Can Tho
701,Dien may xanh,162 Duong so 7,Da Lat
702,Dien may xanh,102 Duong so 1,Hanoi
703,Dien may xanh,190 Duong so 9,Ho Chi Minh
704,Dien may xanh,113 Duong so 6,Hanoi
705,Dien may xanh,134 Duong so 5,Vung Tau
706,Dien may xanh,196 Duong so 1,Bien Hoa
707,Dien may xanh,160 Duong so 6,Ho Chi Minh
708,Dien may xanh,124 Duong so 8,Hanoi
709,Dien may xanh,169 Duong so 5,Da Nang
710,Dien may xanh,174 Duong so 1,Hue
711,Dien may xanh,111 Duong so 1,Ho Chi Minh
712,Dien may xanh,200 Duong so 1,Hoi An
713,Dien may xanh,198 Duong so 9,Can Tho
714,Dien may xanh,100 Duong so 2,Da Lat
715,Dien may xanh,148 Duong so 1,Hoi An
716,Dien may xanh,131 Duong so 2,Da Nang
717,Dien may xanh,126 Duong so 2,Da Lat
718,Dien may xanh,150 Duong so 3,Ho Chi Minh
719,Dien may xanh,138 Duong so 6,Vung Tau
720,Dien may xanh,195 Duong so 8,Hanoi
721,Dien may xanh,152 Duong so 8,Ho Chi Minh
722,Dien may xanh,166 Duong so 8,Hoi An
723,Dien may xanh,114 Duong so 2,Da Lat
724,Dien may xanh,112 Duong so 1,Hanoi
725,Dien may xanh,193 Duong so 6,Ho Chi Minh
726,Dien may xanh,200 Duong so 9,Can Tho
727,Dien may xanh,113 Duong so 2,Hue
728,Dien may xanh,143 Duong so 3,Da Nang
729,Dien may xanh,158 Duong so 7,Ho Chi Minh
730,Dien may xanh,129 Duong so 9,Ho Chi Minh
731,Dien may xanh,197 Duong so 1,Da Nang
732,Dien may xanh,108 Duong so 4,Hanoi
733,Dien may xanh,166 Duong so 9,Hanoi
734,Dien may xanh,124 Duong so 8,Ho Chi Minh
735,Dien may xanh,138 Duong so 7,Ho Chi Minh
736,Dien may xanh,155 Duong so 5,Hoi An
737,Dien may xanh,142 Duong so 9,Ho Chi Minh
738,Dien may xanh,147 Duong so 9,Hue
739,Dien may xanh,109 Duong so 3,Bien Hoa
740,Dien may xanh,118 Duong so 8,Da Nang
741,Dien may xanh,104 Duong so 7,Hoi An
742,Dien may xanh,123 Duong so 3,Da Nang
743,Dien may xanh,169 Duong so 5,Ho Chi Minh
744,Dien may xanh,104 Duong so 9,Hanoi
745,Dien may xanh,163 Duong so 2,Da Nang
746,Dien may xanh,151 Duong so 9,Da Lat
747,Dien may xanh,186 Duong so 8,Hanoi
748,Dien may xanh,186 Duong so 8,Da Nang
749,Dien may xanh,134 Duong so 1,Da Nang
750,Dien may xanh,118 Duong so 7,Hue
751,Dien may xanh,123 Duong so 8,Can Tho
752,Dien may xanh,154 Duong so 5,Da Nang
753,Dien may xanh,160 Duong so 8,Ho Chi Minh
754,Dien may xanh,162 Duong so 6,Vung Tau
755,Dien may xanh,158 Duong so 4,Hoi An
756,Dien may xanh,181 Duong so 9,Vung Tau
757,Dien may xanh,191 Duong so 6,Nha Trang
758,Dien may xanh,104 Duong so 3,Ho Chi Minh
759,Dien may xanh,191 Duong so 6,Hanoi
760,Dien may xanh,194 Duong so 8,Da Nang
761,Dien may xanh,164 Duong so 6,Hanoi
762,Dien may xanh,115 Duong so 6,Da Lat
763,Dien may xanh,107 Duong so 6,Can Tho
764,Dien may xanh,107 Duong so 1,Hanoi
765,Dien may xanh,150 Duong so 6,Bien Hoa
766,Dien may xanh,164 Duong so 2,Hanoi
767,Dien may xanh,102 Duong so 8,Ho Chi Minh
768,Dien may xanh,104 Duong so 9,Vung Tau
769,Dien may xanh,115 Duong so 3,Ho Chi Minh
770,Dien may xanh,130 Duong so 1,Ho Chi Minh
771,Dien may xanh,194 Duong so 4,Ho Chi Minh
772,Dien may xanh,194 Duong so 5,Hanoi
773,Dien may xanh,162 Duong so 8,Can Tho
774,Dien may xanh,104 Duong so 4,Can Tho
775,Dien may xanh,200 Duong so 4,Da Lat
776,Dien may xanh,102 Duong so 4,Hanoi
777,Dien may xanh,111 Duong so 1,Hoi An
778,Dien may xanh,159 Duong so 8,Da Nang
779,Dien may xanh,136 Duong so 2,Ho Chi Minh
780,Dien may xanh,144 Duong so 1,Nha Trang
781,Dien may xanh,137 Duong so 2,Vung Tau
782,Dien may xanh,180 Duong so 8,Hue
783,Dien may xanh,173 Duong so 2,Bien Hoa
784,Dien may xanh,138 Duong so 8,Da Nang
785,Dien may xanh,143 Duong so 6,Hanoi
786,Dien may xanh,154 Duong so 9,Can Tho
787,Dien may xanh,121 Duong so 2,Can Tho
788,Dien may xanh,145 Duong so 7,Da Nang
789,Dien may xanh,110 Duong so 3,Hoi An
790,Dien may xanh,165 Duong so 4,Hue
791,Dien may xanh,142 Duong so 2,Ho Chi Minh
792,Dien may xanh,185 Duong so 7,Vung Tau
793,Dien may xanh,156 Duong so 6,Hanoi
794,Dien may xanh,121 Duong so 4,Hanoi
795,Dien may xanh,174 Duong so 7,Ho Chi Minh
796,Dien may xanh,139 Duong so 7,Hanoi
797,Dien may xanh,179 Duong so 9,Ho Chi Minh
798,Dien may xanh,145 Duong so 9,Can Tho
799,Dien may xanh,149 Duong so 8,Bien Hoa
800,Dien may xanh,155 Duong so 1,Ho Chi Minh
801,Dien may xanh,113 Duong so 1,Hanoi
802,Dien may xanh,163 Duong so 2,Da Nang
803,Dien may xanh,134 Duong so 1,Ho Chi Minh
804,Dien may xanh,121 Duong so 9,Vung Tau
805,Dien may xanh,101 Duong so 9,Hanoi
806,Dien may xanh,177 Duong so 9,Ho Chi Minh
807,Dien may xanh,163 Duong so 9,Hanoi
808,Dien may xanh,137 Duong so 6,Hanoi
809,Dien may xanh,153 Duong so 9,Nha Trang
810,Dien may xanh,116 Duong so 1,Hue
811,Dien may xanh,166 Duong so 5,Hanoi
812,Dien may xanh,179 Duong so 3,Da Nang
813,Dien may xanh,124 Duong so 5,Hoi An
814,Dien may xanh,101 Duong so 8,Bien Hoa
815,Dien may xanh,102 Duong so 1,Hanoi
816,Dien may xanh,138 Duong so 5,Hue
817,Dien may xanh,103 Duong so 6,Ho Chi Minh
818,Dien may xanh,190 Duong so 7,Da Nang
819,Dien may xanh,162 Duong so 5,Vung Tau
820,Dien may xanh,130 Duong so 1,Hoi An
821,Dien may xanh,164 Duong so 8,Hue
822,Dien may xanh,119 Duong so 7,Ho Chi Minh
823,Dien may xanh,190 Duong so 2,Bien Hoa
824,Dien may xanh,196 Duong so 3,Can Tho
825,Dien may xanh,146 Duong so 7,Vung Tau
826,Dien may xanh,172 Duong so 1,Vung Tau
827,Dien may xanh,120 Duong so 5,Da Nang
828,Dien may xanh,165 Duong so 9,Ho Chi Minh
829,Dien may xanh,125 Duong so 2,Hanoi
830,Dien may xanh,175 Duong so 1,Da Lat
831,Dien may xanh,180 Duong so 9,Bien Hoa
832,Dien may xanh,109 Duong so 6,Da Nang
833,Dien may xanh,103 Duong so 5,Hanoi
834,Dien may xanh,168 Duong so 8,Da Nang
835,Dien may xanh,178 Duong so 7,Hoi An
836,Dien may xanh,129 Duong so 4,Da Lat
837,Dien may xanh,199 Duong so 8,Ho Chi Minh
838,Dien may xanh,158 Duong so 7,Ho Chi Minh
839,Dien may xanh,124 Duong so 8,Da Nang
840,Dien may xanh,135 Duong so 3,Bien Hoa
841,Dien may xanh,175 Duong so 4,Hoi An
842,Dien may xanh,175 Duong so 3,Bien Hoa
843,Dien may xanh,182 Duong so 6,Nha Trang
844,Dien may xanh,114 Duong so 8,Hue
845,Dien may xanh,183 Duong so 7,Ho Chi Minh
846,Dien may xanh,110 Duong so 7,Hue
847,Dien may xanh,146 Duong so 8,Hanoi
848,Dien may xanh,146 Duong so 5,Ho Chi Minh
849,Dien may xanh,192 Duong so 5,Can Tho
850,Dien may xanh,144 Duong so 6,Can Tho
851,Dien may xanh,139 Duong so 3,Da Nang
852,Dien may xanh,120 Duong so 2,Vung Tau
853,Dien may xanh,125 Duong so 5,Da Lat
854,Dien may xanh,163 Duong so 3,Hanoi
855,Dien may xanh,112 Duong so 4,Bien Hoa
856,Dien may xanh,189 Duong so 8,Da Lat
857,Dien may xanh,200 Duong so 2,Hanoi
858,Dien may xanh,109 Duong so 1,Hoi An
859,Dien may xanh,171 Duong so 8,Can Tho
860,Dien may xanh,149 Duong so 9,Da Nang
861,Dien may xanh,123 Duong so 6,Vung Tau
862,Dien may xanh,197 Duong so 7,Da Nang
863,Dien may xanh,154 Duong so 7,Da Lat
864,Dien may xanh,149 Duong so 7,Hanoi
865,Dien may xanh,188 Duong so 5,Da Nang
866,Dien may xanh,123 Duong so 4,Da Nang
867,Dien may xanh,148 Duong so 7,Ho Chi Minh
868,Dien may xanh,180 Duong so 4,Ho Chi Minh
869,Dien may xanh,132 Duong so 4,Hoi An
870,Dien may xanh,111 Duong so 7,Bien Hoa
871,Dien may xanh,170 Duong so 6,Hoi An
872,Dien may xanh,130 Duong so 9,Hue
873,Dien may xanh,104 Duong so 3,Hoi An
874,Dien may xanh,192 Duong so 3,Da Nang
875,Dien may xanh,154 Duong so 7,Bien Hoa
876,Dien may xanh,124 Duong so 1,Hanoi
877,Dien may xanh,123 Duong so 5,Hoi An
878,Dien may xanh,182 Duong so 7,Da Nang
879,Dien may xanh,193 Duong so 4,Ho Chi Minh
880,Dien may xanh,155 Duong so 5,Da Nang
881,Dien may xanh,173 Duong so 8,Ho Chi Minh
882,Dien may xanh,192 Duong so 5,Ho Chi Minh
883,Dien may xanh,162 Duong so 6,Da Lat
884,Dien may xanh,126 Duong so 3,Hue
885,Dien may xanh,138 Duong so 4,Da Nang
886,Dien may xanh,169 Duong so 5,Bien Hoa
887,Dien may xanh,127 Duong so 4,Ho Chi Minh
888,Dien may xanh,139 Duong so 8,Hanoi
889,Dien may xanh,115 Duong so 4,Hanoi
890,Dien may xanh,100 Duong so 2,Can Tho
891,Dien may xanh,131 Duong so 3,Nha Trang
892,Dien may xanh,142 Duong so 4,Nha Trang
893,Dien may xanh,190 Duong so 6,Ho Chi Minh
894,Dien may xanh,116 Duong so 8,Hanoi
895,Dien may xanh,163 Duong so 3,Da Nang
896,Dien may xanh,181 Duong so 5,Da Nang
897,Dien may xanh,136 Duong so 8,Hue
898,Dien may xanh,187 Duong so 9,Da Nang
899,Dien may xanh,112 Duong so 9,Hanoi
900,Dien may xanh,183 Duong so 6,Da Nang
901,Dien may xanh,159 Duong so 9,Nha Trang
902,Dien may xanh,191 Duong so 1,Hue
903,Dien may xanh,100 Duong so 4,Ho Chi Minh
904,Dien may xanh,196 Duong so 1,Hue
905,Dien may xanh,152 Duong so 1,Da Nang
906,Dien may xanh,176 Duong so 1,Ho Chi Minh
907,Dien may xanh,156 Duong so 2,Ho Chi Minh
908,Dien may xanh,192 Duong so 9,Hue
909,Dien may xanh,176 Duong so 1,Ho Chi Minh
910,Dien may xanh,168 Duong so 4,Hanoi
911,Dien may xanh,131 Duong so 5,Da Nang
912,Dien may xanh,189 Duong so 5,Hoi An
913,Dien may xanh,116 Duong so 5,Ho Chi Minh
914,Dien may xanh,172 Duong so 1,Nha Trang
915,Dien may xanh,101 Duong so 6,Nha Trang
916,Dien may xanh,148 Duong so 2,Da Nang
917,Dien may xanh,113 Duong so 8,Da Nang
918,Dien may xanh,113 Duong so 8,Vung Tau
919,Dien may xanh,156 Duong so 2,Hue
920,Dien may xanh,184 Duong so 1,Ho Chi Minh
921,Dien may xanh,185 Duong so 5,Bien Hoa
922,Dien may xanh,193 Duong so 2,Ho Chi Minh
923,Dien may xanh,154 Duong so 3,Ho Chi Minh
924,Dien may xanh,161 Duong so 5,Da Nang
925,Dien may xanh,135 Duong so 4,Hanoi
926,Dien may xanh,180 Duong so 3,Da Nang
927,Dien may xanh,122 Duong so 9,Ho Chi Minh
928,Dien may xanh,170 Duong so 7,Da Nang
929,Dien may xanh,111 Duong so 5,Hue
930,Dien may xanh,183 Duong so 5,Da Nang
931,Dien may xanh,151 Duong so 3,Bien Hoa
932,Dien may xanh,141 Duong so 9,Hoi An
933,Dien may xanh,138 Duong so 3,Hoi An
934,Dien may xanh,173 Duong so 9,Da Nang
935,Dien may xanh,159 Duong so 5,Ho Chi Minh
936,Dien may xanh,150 Duong so 6,Da Nang
937,Dien may xanh,147 Duong so 5,Vung Tau
938,Dien may xanh,135 Duong so 5,Can Tho
939,Dien may xanh,198 Duong so 4,Ho Chi Minh
940,Dien may xanh,140 Duong so 7,Ho Chi Minh
941,Dien may xanh,168 Duong so 2,Da Nang
942,Dien may xanh,169 Duong so 7,Ho Chi Minh
943,Dien may xanh,104 Duong so 8,Vung Tau
944,Dien may xanh,100 Duong so 6,Hanoi
945,Dien may xanh,188 Duong so 6,Hanoi
946,Dien may xanh,182 Duong so 4,Bien Hoa
947,Dien may xanh,107 Duong so 4,Can Tho
948,Dien may xanh,163 Duong so 2,Ho Chi Minh
949,Dien may xanh,121 Duong so 4,Vung Tau
950,Dien may xanh,193 Duong so 9,Ho Chi Minh
951,Dien may xanh,169 Duong so 9,Ho Chi Minh
952,Dien may xanh,160 Duong so 2,Da Lat
953,Dien may xanh,182 Duong so 8,Da Lat
954,Dien may xanh,166 Duong so 1,Da Nang
955,Dien may xanh,182 Duong so 2,Ho Chi Minh
956,Dien may xanh,176 Duong so 6,Vung Tau
957,Dien may xanh,118 Duong so 6,Hanoi
958,Dien may xanh,100 Duong so 4,Bien Hoa
959,Dien may xanh,184 Duong so 7,Can Tho
960,Dien may xanh,173 Duong so 1,Ho Chi Minh
961,Dien may xanh,162 Duong so 1,Ho Chi Minh
962,Dien may xanh,197 Duong so 5,Vung Tau
963,Dien may xanh,169 Duong so 9,Nha Trang
964,Dien may xanh,199 Duong so 6,Hue
965,Dien may xanh,186 Duong so 8,Bien Hoa
966,Dien may xanh,101 Duong so 4,Da Lat
967,Dien may xanh,184 Duong so 1,Ho Chi Minh
968,Dien may xanh,174 Duong so 7,Ho Chi Minh
969,Dien may xanh,117 Duong so 8,Hanoi
970,Dien may xanh,101 Duong so 4,Da Nang
971,Dien may xanh,182 Duong so 6,Da Lat
972,Dien may xanh,146 Duong so 4,Da Nang
973,Dien may xanh,157 Duong so 3,Nha Trang
974,Dien may xanh,153 Duong so 8,Nha Trang
975,Dien may xanh,147 Duong so 8,Ho Chi Minh
976,Dien may xanh,116 Duong so 6,Hoi An
977,Dien may xanh,156 Duong so 9,Vung Tau
978,Dien may xanh,184 Duong so 8,Hoi An
979,Dien may xanh,144 Duong so 6,Ho Chi Minh
980,Dien may xanh,154 Duong so 6,Hanoi
981,Dien may xanh,129 Duong so 7,Hue
982,Dien may xanh,178 Duong so 7,Da Lat
983,Dien may xanh,186 Duong so 3,Da Nang
984,Dien may xanh,166 Duong so 3,Hanoi
985,Dien may xanh,184 Duong so 5,Vung Tau
986,Dien may xanh,119 Duong so 7,Da Lat
987,Dien may xanh,147 Duong so 3,Ho Chi Minh
988,Dien may xanh,132 Duong so 1,Nha Trang
989,Dien may xanh,163 Duong so 5,Bien Hoa
990,Dien may xanh,147 Duong so 9,Hanoi
991,Dien may xanh,135 Duong so 2,Ho Chi Minh
992,Dien may xanh,137 Duong so 5,Ho Chi Minh
993,Dien may xanh,106 Duong so 3,Da Nang
994,Dien may xanh,166 Duong so 7,Can Tho
995,Dien may xanh,107 Duong so 4,Can Tho
996,Dien may xanh,101 Duong so 5,Hanoi
997,Dien may xanh,141 Duong so 9,Bien Hoa
998,Dien may xanh,185 Duong so 3,Hanoi
999,Dien may xanh,113 Duong so 6,Da Nang
